"OBJECTID","ID_0","ISO","NAME_0","ID_1","NAME_1","ID_2","NAME_2","ID_3","NAME_3","CCN_3","CCA_3","TYPE_3","ENGTYPE_3","NL_NAME_3","VARNAME_3"
1,79,"FRA","France",1,"Alsace",1,"Bas-Rhin",1,"Haguenau",NA,"","Arrondissement","Districts","",""
2,79,"FRA","France",1,"Alsace",1,"Bas-Rhin",2,"Molsheim",NA,"","Arrondissement","Districts","",""
3,79,"FRA","France",1,"Alsace",1,"Bas-Rhin",3,"Sélestat-Erstein",NA,"","Arrondissement","Districts","",""
4,79,"FRA","France",1,"Alsace",1,"Bas-Rhin",4,"Saverne",NA,"","Arrondissement","Districts","",""
5,79,"FRA","France",1,"Alsace",1,"Bas-Rhin",5,"Strasbourg-Campagne",NA,"","Arrondissement","Districts","",""
6,79,"FRA","France",1,"Alsace",1,"Bas-Rhin",6,"Strasbourg-Ville",NA,"","Arrondissement","Districts","",""
7,79,"FRA","France",1,"Alsace",1,"Bas-Rhin",7,"Wissembourg",NA,"","Arrondissement","Districts","",""
8,79,"FRA","France",1,"Alsace",2,"Haut-Rhin",8,"Altkirch",NA,"","Arrondissement","Districts","",""
9,79,"FRA","France",1,"Alsace",2,"Haut-Rhin",9,"Colmar",NA,"","Arrondissement","Districts","",""
10,79,"FRA","France",1,"Alsace",2,"Haut-Rhin",10,"Guebwiller",NA,"","Arrondissement","Districts","",""
11,79,"FRA","France",1,"Alsace",2,"Haut-Rhin",11,"Mulhouse",NA,"","Arrondissement","Districts","",""
12,79,"FRA","France",1,"Alsace",2,"Haut-Rhin",12,"Ribeauvillé",NA,"","Arrondissement","Districts","",""
13,79,"FRA","France",1,"Alsace",2,"Haut-Rhin",13,"Thann",NA,"","Arrondissement","Districts","",""
14,79,"FRA","France",2,"Aquitaine",3,"Dordogne",14,"Bergerac",NA,"","Arrondissement","Districts","",""
15,79,"FRA","France",2,"Aquitaine",3,"Dordogne",15,"Nontron",NA,"","Arrondissement","Districts","",""
16,79,"FRA","France",2,"Aquitaine",3,"Dordogne",16,"Périgueux",NA,"","Arrondissement","Districts","",""
17,79,"FRA","France",2,"Aquitaine",3,"Dordogne",17,"Sarlat-la-Canéda",NA,"","Arrondissement","Districts","",""
18,79,"FRA","France",2,"Aquitaine",4,"Gironde",18,"Arcachon",NA,"","Arrondissement","Districts","",""
19,79,"FRA","France",2,"Aquitaine",4,"Gironde",19,"Blaye",NA,"","Arrondissement","Districts","",""
20,79,"FRA","France",2,"Aquitaine",4,"Gironde",20,"Bordeaux",NA,"","Arrondissement","Districts","",""
21,79,"FRA","France",2,"Aquitaine",4,"Gironde",21,"Langon",NA,"","Arrondissement","Districts","",""
22,79,"FRA","France",2,"Aquitaine",4,"Gironde",22,"Lesparre-Médoc",NA,"","Arrondissement","Districts","",""
23,79,"FRA","France",2,"Aquitaine",4,"Gironde",23,"Libourne",NA,"","Arrondissement","Districts","",""
24,79,"FRA","France",2,"Aquitaine",5,"Landes",24,"Dax",NA,"","Arrondissement","Districts","",""
25,79,"FRA","France",2,"Aquitaine",5,"Landes",25,"Mont-de-Marsan",NA,"","Arrondissement","Districts","",""
26,79,"FRA","France",2,"Aquitaine",6,"Lot-et-Garonne",26,"Agen",NA,"","Arrondissement","Districts","",""
27,79,"FRA","France",2,"Aquitaine",6,"Lot-et-Garonne",27,"Marmande",NA,"","Arrondissement","Districts","",""
28,79,"FRA","France",2,"Aquitaine",6,"Lot-et-Garonne",28,"Nérac",NA,"","Arrondissement","Districts","",""
29,79,"FRA","France",2,"Aquitaine",6,"Lot-et-Garonne",29,"Villeneuve-sur-Lot",NA,"","Arrondissement","Districts","",""
30,79,"FRA","France",2,"Aquitaine",7,"Pyrénées-Atlantiques",30,"Bayonne",NA,"","Arrondissement","Districts","",""
31,79,"FRA","France",2,"Aquitaine",7,"Pyrénées-Atlantiques",31,"Oloron-Sainte-Marie",NA,"","Arrondissement","Districts","",""
32,79,"FRA","France",2,"Aquitaine",7,"Pyrénées-Atlantiques",32,"Pau",NA,"","Arrondissement","Districts","",""
33,79,"FRA","France",3,"Auvergne",8,"Allier",33,"Montluçon",NA,"","Arrondissement","Districts","",""
34,79,"FRA","France",3,"Auvergne",8,"Allier",34,"Moulins",NA,"","Arrondissement","Districts","",""
35,79,"FRA","France",3,"Auvergne",8,"Allier",35,"Vichy",NA,"","Arrondissement","Districts","",""
36,79,"FRA","France",3,"Auvergne",9,"Cantal",36,"Aurillac",NA,"","Arrondissement","Districts","",""
37,79,"FRA","France",3,"Auvergne",9,"Cantal",37,"Mauriac",NA,"","Arrondissement","Districts","",""
38,79,"FRA","France",3,"Auvergne",9,"Cantal",38,"Saint-Flour",NA,"","Arrondissement","Districts","",""
39,79,"FRA","France",3,"Auvergne",10,"Haute-Loire",39,"Brioude",NA,"","Arrondissement","Districts","",""
40,79,"FRA","France",3,"Auvergne",10,"Haute-Loire",40,"Le Puy-en-Velay",NA,"","Arrondissement","Districts","",""
41,79,"FRA","France",3,"Auvergne",10,"Haute-Loire",41,"Yssingeaux",NA,"","Arrondissement","Districts","",""
42,79,"FRA","France",3,"Auvergne",11,"Puy-de-Dôme",42,"Ambert",NA,"","Arrondissement","Districts","",""
43,79,"FRA","France",3,"Auvergne",11,"Puy-de-Dôme",43,"Clermont-Ferrand",NA,"","Arrondissement","Districts","",""
44,79,"FRA","France",3,"Auvergne",11,"Puy-de-Dôme",44,"Issoire",NA,"","Arrondissement","Districts","",""
45,79,"FRA","France",3,"Auvergne",11,"Puy-de-Dôme",45,"Riom",NA,"","Arrondissement","Districts","",""
46,79,"FRA","France",3,"Auvergne",11,"Puy-de-Dôme",46,"Thiers",NA,"","Arrondissement","Districts","",""
47,79,"FRA","France",4,"Île-de-France",12,"Essonne",47,"Étampes",NA,"","Arrondissement","Districts","",""
48,79,"FRA","France",4,"Île-de-France",12,"Essonne",48,"Évry",NA,"","Arrondissement","Districts","",""
49,79,"FRA","France",4,"Île-de-France",12,"Essonne",49,"Palaiseau",NA,"","Arrondissement","Districts","",""
50,79,"FRA","France",4,"Île-de-France",13,"Hauts-de-Seine",50,"Antony",NA,"","Arrondissement","Districts","",""
51,79,"FRA","France",4,"Île-de-France",13,"Hauts-de-Seine",51,"Boulogne-Billancourt",NA,"","Arrondissement","Districts","",""
52,79,"FRA","France",4,"Île-de-France",13,"Hauts-de-Seine",52,"Nanterre",NA,"","Arrondissement","Districts","",""
53,79,"FRA","France",4,"Île-de-France",14,"Paris",53,"Paris, 11e arrondissement",NA,"","Arrondissement","Districts","",""
54,79,"FRA","France",4,"Île-de-France",14,"Paris",54,"Paris, 12e arrondissement",NA,"","Arrondissement","Districts","",""
55,79,"FRA","France",4,"Île-de-France",14,"Paris",55,"Paris, 12e arronissement",NA,"","Arrondissement","Districts","",""
56,79,"FRA","France",4,"Île-de-France",14,"Paris",56,"Paris, 13e arrondissement",NA,"","Arrondissement","Districts","",""
57,79,"FRA","France",4,"Île-de-France",14,"Paris",57,"Paris, 14e arrondissement",NA,"","Arrondissement","Districts","",""
58,79,"FRA","France",4,"Île-de-France",14,"Paris",58,"Paris, 15e arrondissement",NA,"","Arrondissement","Districts","",""
59,79,"FRA","France",4,"Île-de-France",14,"Paris",59,"Paris, 16e arrondissement",NA,"","Arrondissement","Districts","",""
60,79,"FRA","France",4,"Île-de-France",14,"Paris",60,"Paris, 17e arrondissement",NA,"","Arrondissement","Districts","",""
61,79,"FRA","France",4,"Île-de-France",14,"Paris",61,"Paris, 18e arrondissement",NA,"","Arrondissement","Districts","",""
62,79,"FRA","France",4,"Île-de-France",14,"Paris",62,"Paris, 19e arrondissement",NA,"","Arrondissement","Districts","",""
63,79,"FRA","France",4,"Île-de-France",14,"Paris",63,"Paris, 1er arrondissement",NA,"","Arrondissement","Districts","",""
64,79,"FRA","France",4,"Île-de-France",14,"Paris",64,"Paris, 20e arrondissement",NA,"","Arrondissement","Districts","",""
65,79,"FRA","France",4,"Île-de-France",14,"Paris",65,"Paris, 2e arrondissement",NA,"","Arrondissement","Districts","",""
66,79,"FRA","France",4,"Île-de-France",14,"Paris",66,"Paris, 3e arrondissement",NA,"","Arrondissement","Districts","",""
67,79,"FRA","France",4,"Île-de-France",14,"Paris",67,"Paris, 4e arrondissement",NA,"","Arrondissement","Districts","",""
68,79,"FRA","France",4,"Île-de-France",14,"Paris",68,"Paris, 5e arrondissement",NA,"","Arrondissement","Districts","",""
69,79,"FRA","France",4,"Île-de-France",14,"Paris",69,"Paris, 6e arrondissement",NA,"","Arrondissement","Districts","",""
70,79,"FRA","France",4,"Île-de-France",14,"Paris",70,"Paris, 7e arrondissement",NA,"","Arrondissement","Districts","",""
71,79,"FRA","France",4,"Île-de-France",14,"Paris",71,"Paris, 8e arrondissement",NA,"","Arrondissement","Districts","",""
72,79,"FRA","France",4,"Île-de-France",14,"Paris",72,"Paris, 9e arrondissement",NA,"","Arrondissement","Districts","",""
73,79,"FRA","France",4,"Île-de-France",15,"Seine-et-Marne",73,"Fontainebleau",NA,"","Arrondissement","Districts","",""
74,79,"FRA","France",4,"Île-de-France",15,"Seine-et-Marne",74,"Meaux",NA,"","Arrondissement","Districts","",""
75,79,"FRA","France",4,"Île-de-France",15,"Seine-et-Marne",75,"Melun",NA,"","Arrondissement","Districts","",""
76,79,"FRA","France",4,"Île-de-France",15,"Seine-et-Marne",76,"Provins",NA,"","Arrondissement","Districts","",""
77,79,"FRA","France",4,"Île-de-France",15,"Seine-et-Marne",77,"Torcy",NA,"","Arrondissement","Districts","",""
78,79,"FRA","France",4,"Île-de-France",16,"Seine-Saint-Denis",78,"Bobigny",NA,"","Arrondissement","Districts","",""
79,79,"FRA","France",4,"Île-de-France",16,"Seine-Saint-Denis",79,"Le Raincy",NA,"","Arrondissement","Districts","",""
80,79,"FRA","France",4,"Île-de-France",16,"Seine-Saint-Denis",80,"Saint-Denis",NA,"","Arrondissement","Districts","",""
81,79,"FRA","France",4,"Île-de-France",17,"Val-d'Oise",81,"Argenteuil",NA,"","Arrondissement","Districts","",""
82,79,"FRA","France",4,"Île-de-France",17,"Val-d'Oise",82,"Pontoise",NA,"","Arrondissement","Districts","",""
83,79,"FRA","France",4,"Île-de-France",17,"Val-d'Oise",83,"Sarcelles",NA,"","Arrondissement","Districts","",""
84,79,"FRA","France",4,"Île-de-France",18,"Val-de-Marne",84,"Créteil",NA,"","Arrondissement","Districts","",""
85,79,"FRA","France",4,"Île-de-France",18,"Val-de-Marne",85,"L'Haÿ-les-Roses",NA,"","Arrondissement","Districts","",""
86,79,"FRA","France",4,"Île-de-France",18,"Val-de-Marne",86,"Nogent-sur-Marne",NA,"","Arrondissement","Districts","",""
87,79,"FRA","France",4,"Île-de-France",19,"Yvelines",87,"Mantes-la-Jolie",NA,"","Arrondissement","Districts","",""
88,79,"FRA","France",4,"Île-de-France",19,"Yvelines",88,"Rambouillet",NA,"","Arrondissement","Districts","",""
89,79,"FRA","France",4,"Île-de-France",19,"Yvelines",89,"Saint-Germain-en-Laye",NA,"","Arrondissement","Districts","",""
90,79,"FRA","France",4,"Île-de-France",19,"Yvelines",90,"Versailles",NA,"","Arrondissement","Districts","",""
91,79,"FRA","France",5,"Basse-Normandie",20,"Calvados",91,"Bayeux",NA,"","Arrondissement","Districts","",""
92,79,"FRA","France",5,"Basse-Normandie",20,"Calvados",92,"Caen",NA,"","Arrondissement","Districts","",""
93,79,"FRA","France",5,"Basse-Normandie",20,"Calvados",93,"Lisieux",NA,"","Arrondissement","Districts","",""
94,79,"FRA","France",5,"Basse-Normandie",20,"Calvados",94,"Vire",NA,"","Arrondissement","Districts","",""
95,79,"FRA","France",5,"Basse-Normandie",21,"Manche",95,"Avranches",NA,"","Arrondissement","Districts","",""
96,79,"FRA","France",5,"Basse-Normandie",21,"Manche",96,"Cherbourg",NA,"","Arrondissement","Districts","",""
97,79,"FRA","France",5,"Basse-Normandie",21,"Manche",97,"Coutances",NA,"","Arrondissement","Districts","",""
98,79,"FRA","France",5,"Basse-Normandie",21,"Manche",98,"Saint-Lô",NA,"","Arrondissement","Districts","",""
99,79,"FRA","France",5,"Basse-Normandie",22,"Orne",99,"Alençon",NA,"","Arrondissement","Districts","",""
100,79,"FRA","France",5,"Basse-Normandie",22,"Orne",100,"Argentan",NA,"","Arrondissement","Districts","",""
101,79,"FRA","France",5,"Basse-Normandie",22,"Orne",101,"Mortagne-au-Perche",NA,"","Arrondissement","Districts","",""
102,79,"FRA","France",6,"Bourgogne",23,"Côte-d'Or",102,"Beaune",NA,"","Arrondissement","Districts","",""
103,79,"FRA","France",6,"Bourgogne",23,"Côte-d'Or",103,"Dijon",NA,"","Arrondissement","Districts","",""
104,79,"FRA","France",6,"Bourgogne",23,"Côte-d'Or",104,"Montbard",NA,"","Arrondissement","Districts","",""
105,79,"FRA","France",6,"Bourgogne",24,"Nièvre",105,"Château-Chinon (Ville)",NA,"","Arrondissement","Districts","",""
106,79,"FRA","France",6,"Bourgogne",24,"Nièvre",106,"Clamecy",NA,"","Arrondissement","Districts","",""
107,79,"FRA","France",6,"Bourgogne",24,"Nièvre",107,"Cosne-Cours-sur-Loire",NA,"","Arrondissement","Districts","",""
108,79,"FRA","France",6,"Bourgogne",24,"Nièvre",108,"Nevers",NA,"","Arrondissement","Districts","",""
109,79,"FRA","France",6,"Bourgogne",25,"Saône-et-Loire",109,"Autun",NA,"","Arrondissement","Districts","",""
110,79,"FRA","France",6,"Bourgogne",25,"Saône-et-Loire",110,"Chalon-sur-Saône",NA,"","Arrondissement","Districts","",""
111,79,"FRA","France",6,"Bourgogne",25,"Saône-et-Loire",111,"Charolles",NA,"","Arrondissement","Districts","",""
112,79,"FRA","France",6,"Bourgogne",25,"Saône-et-Loire",112,"Louhans",NA,"","Arrondissement","Districts","",""
113,79,"FRA","France",6,"Bourgogne",25,"Saône-et-Loire",113,"Mâcon",NA,"","Arrondissement","Districts","",""
114,79,"FRA","France",6,"Bourgogne",26,"Yonne",114,"Auxerre",NA,"","Arrondissement","Districts","",""
115,79,"FRA","France",6,"Bourgogne",26,"Yonne",115,"Avallon",NA,"","Arrondissement","Districts","",""
116,79,"FRA","France",6,"Bourgogne",26,"Yonne",116,"Sens",NA,"","Arrondissement","Districts","",""
117,79,"FRA","France",7,"Bretagne",27,"Côtes-d'Armor",117,"Dinan",NA,"","Arrondissement","Districts","",""
118,79,"FRA","France",7,"Bretagne",27,"Côtes-d'Armor",118,"Guingamp",NA,"","Arrondissement","Districts","",""
119,79,"FRA","France",7,"Bretagne",27,"Côtes-d'Armor",119,"Lannion",NA,"","Arrondissement","Districts","",""
120,79,"FRA","France",7,"Bretagne",27,"Côtes-d'Armor",120,"Saint-Brieuc",NA,"","Arrondissement","Districts","",""
121,79,"FRA","France",7,"Bretagne",28,"Finistère",121,"Brest",NA,"","Arrondissement","Districts","",""
122,79,"FRA","France",7,"Bretagne",28,"Finistère",122,"Châteaulin",NA,"","Arrondissement","Districts","",""
123,79,"FRA","France",7,"Bretagne",28,"Finistère",123,"Morlaix",NA,"","Arrondissement","Districts","",""
124,79,"FRA","France",7,"Bretagne",28,"Finistère",124,"Quimper",NA,"","Arrondissement","Districts","",""
125,79,"FRA","France",7,"Bretagne",29,"Ille-et-Vilaine",125,"Fougères-Vitré",NA,"","Arrondissement","Districts","",""
126,79,"FRA","France",7,"Bretagne",29,"Ille-et-Vilaine",126,"Redon",NA,"","Arrondissement","Districts","",""
127,79,"FRA","France",7,"Bretagne",29,"Ille-et-Vilaine",127,"Rennes",NA,"","Arrondissement","Districts","",""
128,79,"FRA","France",7,"Bretagne",29,"Ille-et-Vilaine",128,"Saint-Malo",NA,"","Arrondissement","Districts","",""
129,79,"FRA","France",7,"Bretagne",30,"Morbihan",129,"Lorient",NA,"","Arrondissement","Districts","",""
130,79,"FRA","France",7,"Bretagne",30,"Morbihan",130,"Pontivy",NA,"","Arrondissement","Districts","",""
131,79,"FRA","France",7,"Bretagne",30,"Morbihan",131,"Vannes",NA,"","Arrondissement","Districts","",""
132,79,"FRA","France",8,"Centre",31,"Cher",132,"Bourges",NA,"","Arrondissement","Districts","",""
133,79,"FRA","France",8,"Centre",31,"Cher",133,"Saint-Amand-Montrond",NA,"","Arrondissement","Districts","",""
134,79,"FRA","France",8,"Centre",31,"Cher",134,"Vierzon",NA,"","Arrondissement","Districts","",""
135,79,"FRA","France",8,"Centre",32,"Eure-et-Loir",135,"Châteaudun",NA,"","Arrondissement","Districts","",""
136,79,"FRA","France",8,"Centre",32,"Eure-et-Loir",136,"Chartres",NA,"","Arrondissement","Districts","",""
137,79,"FRA","France",8,"Centre",32,"Eure-et-Loir",137,"Dreux",NA,"","Arrondissement","Districts","",""
138,79,"FRA","France",8,"Centre",32,"Eure-et-Loir",138,"Nogent-le-Rotrou",NA,"","Arrondissement","Districts","",""
139,79,"FRA","France",8,"Centre",33,"Indre-et-Loire",139,"Chinon",NA,"","Arrondissement","Districts","",""
140,79,"FRA","France",8,"Centre",33,"Indre-et-Loire",140,"Loches",NA,"","Arrondissement","Districts","",""
141,79,"FRA","France",8,"Centre",33,"Indre-et-Loire",141,"Tours",NA,"","Arrondissement","Districts","",""
142,79,"FRA","France",8,"Centre",34,"Indre",142,"Châteauroux",NA,"","Arrondissement","Districts","",""
143,79,"FRA","France",8,"Centre",34,"Indre",143,"Issoudun",NA,"","Arrondissement","Districts","",""
144,79,"FRA","France",8,"Centre",34,"Indre",144,"La Châtre",NA,"","Arrondissement","Districts","",""
145,79,"FRA","France",8,"Centre",34,"Indre",145,"Le Blanc",NA,"","Arrondissement","Districts","",""
146,79,"FRA","France",8,"Centre",35,"Loir-et-Cher",146,"Blois",NA,"","Arrondissement","Districts","",""
147,79,"FRA","France",8,"Centre",35,"Loir-et-Cher",147,"Romorantin-Lanthenay",NA,"","Arrondissement","Districts","",""
148,79,"FRA","France",8,"Centre",35,"Loir-et-Cher",148,"Vendôme",NA,"","Arrondissement","Districts","",""
149,79,"FRA","France",8,"Centre",36,"Loiret",149,"Montargis",NA,"","Arrondissement","Districts","",""
150,79,"FRA","France",8,"Centre",36,"Loiret",150,"Orléans",NA,"","Arrondissement","Districts","",""
151,79,"FRA","France",8,"Centre",36,"Loiret",151,"Pithiviers",NA,"","Arrondissement","Districts","",""
152,79,"FRA","France",9,"Champagne-Ardenne",37,"Ardennes",152,"Charleville-Mézières",NA,"","Arrondissement","Districts","",""
153,79,"FRA","France",9,"Champagne-Ardenne",37,"Ardennes",153,"Rethel",NA,"","Arrondissement","Districts","",""
154,79,"FRA","France",9,"Champagne-Ardenne",37,"Ardennes",154,"Sedan",NA,"","Arrondissement","Districts","",""
155,79,"FRA","France",9,"Champagne-Ardenne",37,"Ardennes",155,"Vouziers",NA,"","Arrondissement","Districts","",""
156,79,"FRA","France",9,"Champagne-Ardenne",38,"Aube",156,"Bar-sur-Aube",NA,"","Arrondissement","Districts","",""
157,79,"FRA","France",9,"Champagne-Ardenne",38,"Aube",157,"Nogent-sur-Seine",NA,"","Arrondissement","Districts","",""
158,79,"FRA","France",9,"Champagne-Ardenne",38,"Aube",158,"Troyes",NA,"","Arrondissement","Districts","",""
159,79,"FRA","France",9,"Champagne-Ardenne",39,"Haute-Marne",159,"Chaumont",NA,"","Arrondissement","Districts","",""
160,79,"FRA","France",9,"Champagne-Ardenne",39,"Haute-Marne",160,"Langres",NA,"","Arrondissement","Districts","",""
161,79,"FRA","France",9,"Champagne-Ardenne",39,"Haute-Marne",161,"Saint-Dizier",NA,"","Arrondissement","Districts","",""
162,79,"FRA","France",9,"Champagne-Ardenne",40,"Marne",162,"Épernay",NA,"","Arrondissement","Districts","",""
163,79,"FRA","France",9,"Champagne-Ardenne",40,"Marne",163,"Châlons-en-Champagne",NA,"","Arrondissement","Districts","",""
164,79,"FRA","France",9,"Champagne-Ardenne",40,"Marne",164,"Reims",NA,"","Arrondissement","Districts","",""
165,79,"FRA","France",9,"Champagne-Ardenne",40,"Marne",165,"Sainte-Menehould",NA,"","Arrondissement","Districts","",""
166,79,"FRA","France",9,"Champagne-Ardenne",40,"Marne",166,"Vitry-le-François",NA,"","Arrondissement","Districts","",""
167,79,"FRA","France",10,"Corse",41,"Corse-du-Sud",167,"Ajaccio",NA,"","Arrondissement","Districts","",""
168,79,"FRA","France",10,"Corse",41,"Corse-du-Sud",168,"Sartène",NA,"","Arrondissement","Districts","",""
169,79,"FRA","France",10,"Corse",42,"Haute-Corse",169,"Bastia",NA,"","Arrondissement","Districts","",""
170,79,"FRA","France",10,"Corse",42,"Haute-Corse",170,"Calvi",NA,"","Arrondissement","Districts","",""
171,79,"FRA","France",10,"Corse",42,"Haute-Corse",171,"Corte",NA,"","Arrondissement","Districts","",""
172,79,"FRA","France",11,"Franche-Comté",43,"Doubs",172,"Besançon",NA,"","Arrondissement","Districts","",""
173,79,"FRA","France",11,"Franche-Comté",43,"Doubs",173,"Montbéliard",NA,"","Arrondissement","Districts","",""
174,79,"FRA","France",11,"Franche-Comté",43,"Doubs",174,"Pontarlier",NA,"","Arrondissement","Districts","",""
175,79,"FRA","France",11,"Franche-Comté",44,"Haute-Saône",175,"Lure",NA,"","Arrondissement","Districts","",""
176,79,"FRA","France",11,"Franche-Comté",44,"Haute-Saône",176,"Vesoul",NA,"","Arrondissement","Districts","",""
177,79,"FRA","France",11,"Franche-Comté",45,"Jura",177,"Dole",NA,"","Arrondissement","Districts","",""
178,79,"FRA","France",11,"Franche-Comté",45,"Jura",178,"Lons-le-Saunier",NA,"","Arrondissement","Districts","",""
179,79,"FRA","France",11,"Franche-Comté",45,"Jura",179,"Saint-Claude",NA,"","Arrondissement","Districts","",""
180,79,"FRA","France",11,"Franche-Comté",46,"Territoire de Belfort",180,"Belfort",NA,"","Arrondissement","Districts","",""
181,79,"FRA","France",12,"Haute-Normandie",47,"Eure",181,"Évreux",NA,"","Arrondissement","Districts","",""
182,79,"FRA","France",12,"Haute-Normandie",47,"Eure",182,"Bernay",NA,"","Arrondissement","Districts","",""
183,79,"FRA","France",12,"Haute-Normandie",47,"Eure",183,"Les Andelys",NA,"","Arrondissement","Districts","",""
184,79,"FRA","France",12,"Haute-Normandie",48,"Seine-Maritime",184,"Dieppe",NA,"","Arrondissement","Districts","",""
185,79,"FRA","France",12,"Haute-Normandie",48,"Seine-Maritime",185,"Le Havre",NA,"","Arrondissement","Districts","",""
186,79,"FRA","France",12,"Haute-Normandie",48,"Seine-Maritime",186,"Rouen",NA,"","Arrondissement","Districts","",""
187,79,"FRA","France",13,"Languedoc-Roussillon",49,"Aude",187,"Carcassonne",NA,"","Arrondissement","Districts","",""
188,79,"FRA","France",13,"Languedoc-Roussillon",49,"Aude",188,"Limoux",NA,"","Arrondissement","Districts","",""
189,79,"FRA","France",13,"Languedoc-Roussillon",49,"Aude",189,"Narbonne",NA,"","Arrondissement","Districts","",""
190,79,"FRA","France",13,"Languedoc-Roussillon",50,"Gard",190,"Alès",NA,"","Arrondissement","Districts","",""
191,79,"FRA","France",13,"Languedoc-Roussillon",50,"Gard",191,"Le Vigan",NA,"","Arrondissement","Districts","",""
192,79,"FRA","France",13,"Languedoc-Roussillon",50,"Gard",192,"Nîmes",NA,"","Arrondissement","Districts","",""
193,79,"FRA","France",13,"Languedoc-Roussillon",51,"Hérault",193,"Béziers",NA,"","Arrondissement","Districts","",""
194,79,"FRA","France",13,"Languedoc-Roussillon",51,"Hérault",194,"Lodève",NA,"","Arrondissement","Districts","",""
195,79,"FRA","France",13,"Languedoc-Roussillon",51,"Hérault",195,"Montpellier",NA,"","Arrondissement","Districts","",""
196,79,"FRA","France",13,"Languedoc-Roussillon",52,"Lozère",196,"Florac",NA,"","Arrondissement","Districts","",""
197,79,"FRA","France",13,"Languedoc-Roussillon",52,"Lozère",197,"Mende",NA,"","Arrondissement","Districts","",""
198,79,"FRA","France",13,"Languedoc-Roussillon",53,"Pyrénées-Orientales",198,"Céret",NA,"","Arrondissement","Districts","",""
199,79,"FRA","France",13,"Languedoc-Roussillon",53,"Pyrénées-Orientales",199,"Perpignan",NA,"","Arrondissement","Districts","",""
200,79,"FRA","France",13,"Languedoc-Roussillon",53,"Pyrénées-Orientales",200,"Prades",NA,"","Arrondissement","Districts","",""
201,79,"FRA","France",14,"Limousin",54,"Corrèze",201,"Brive-la-Gaillarde",NA,"","Arrondissement","Districts","",""
202,79,"FRA","France",14,"Limousin",54,"Corrèze",202,"Tulle",NA,"","Arrondissement","Districts","",""
203,79,"FRA","France",14,"Limousin",54,"Corrèze",203,"Ussel",NA,"","Arrondissement","Districts","",""
204,79,"FRA","France",14,"Limousin",55,"Creuse",204,"Aubusson",NA,"","Arrondissement","Districts","",""
205,79,"FRA","France",14,"Limousin",55,"Creuse",205,"Guéret",NA,"","Arrondissement","Districts","",""
206,79,"FRA","France",14,"Limousin",56,"Haute-Vienne",206,"Bellac",NA,"","Arrondissement","Districts","",""
207,79,"FRA","France",14,"Limousin",56,"Haute-Vienne",207,"Limoges",NA,"","Arrondissement","Districts","",""
208,79,"FRA","France",14,"Limousin",56,"Haute-Vienne",208,"Rochechouart",NA,"","Arrondissement","Districts","",""
209,79,"FRA","France",15,"Lorraine",57,"Meurthe-et-Moselle",209,"Briey",NA,"","Arrondissement","Districts","",""
210,79,"FRA","France",15,"Lorraine",57,"Meurthe-et-Moselle",210,"Lunéville",NA,"","Arrondissement","Districts","",""
211,79,"FRA","France",15,"Lorraine",57,"Meurthe-et-Moselle",211,"Nancy",NA,"","Arrondissement","Districts","",""
212,79,"FRA","France",15,"Lorraine",57,"Meurthe-et-Moselle",212,"Toul",NA,"","Arrondissement","Districts","",""
213,79,"FRA","France",15,"Lorraine",58,"Meuse",213,"Bar-le-Duc",NA,"","Arrondissement","Districts","",""
214,79,"FRA","France",15,"Lorraine",58,"Meuse",214,"Commercy",NA,"","Arrondissement","Districts","",""
215,79,"FRA","France",15,"Lorraine",58,"Meuse",215,"Verdun",NA,"","Arrondissement","Districts","",""
216,79,"FRA","France",15,"Lorraine",59,"Moselle",216,"Boulay-Moselle",NA,"","Arrondissement","Districts","",""
217,79,"FRA","France",15,"Lorraine",59,"Moselle",217,"Château-Salins",NA,"","Arrondissement","Districts","",""
218,79,"FRA","France",15,"Lorraine",59,"Moselle",218,"Forbach",NA,"","Arrondissement","Districts","",""
219,79,"FRA","France",15,"Lorraine",59,"Moselle",219,"Metz-Campagne",NA,"","Arrondissement","Districts","",""
220,79,"FRA","France",15,"Lorraine",59,"Moselle",220,"Metz-Ville",NA,"","Arrondissement","Districts","",""
221,79,"FRA","France",15,"Lorraine",59,"Moselle",221,"Sarrebourg",NA,"","Arrondissement","Districts","",""
222,79,"FRA","France",15,"Lorraine",59,"Moselle",222,"Sarreguemines",NA,"","Arrondissement","Districts","",""
223,79,"FRA","France",15,"Lorraine",59,"Moselle",223,"Thionville-Est",NA,"","Arrondissement","Districts","",""
224,79,"FRA","France",15,"Lorraine",59,"Moselle",224,"Thionville-Ouest",NA,"","Arrondissement","Districts","",""
225,79,"FRA","France",15,"Lorraine",60,"Vosges",225,"Épinal",NA,"","Arrondissement","Districts","",""
226,79,"FRA","France",15,"Lorraine",60,"Vosges",226,"Neufchâteau",NA,"","Arrondissement","Districts","",""
227,79,"FRA","France",15,"Lorraine",60,"Vosges",227,"Saint-Dié-des-Vosges",NA,"","Arrondissement","Districts","",""
228,79,"FRA","France",16,"Midi-Pyrénées",61,"Ariège",228,"Foix",NA,"","Arrondissement","Districts","",""
229,79,"FRA","France",16,"Midi-Pyrénées",61,"Ariège",229,"Pamiers",NA,"","Arrondissement","Districts","",""
230,79,"FRA","France",16,"Midi-Pyrénées",61,"Ariège",230,"Saint-Girons",NA,"","Arrondissement","Districts","",""
231,79,"FRA","France",16,"Midi-Pyrénées",62,"Aveyron",231,"Millau",NA,"","Arrondissement","Districts","",""
232,79,"FRA","France",16,"Midi-Pyrénées",62,"Aveyron",232,"Rodez",NA,"","Arrondissement","Districts","",""
233,79,"FRA","France",16,"Midi-Pyrénées",62,"Aveyron",233,"Villefranche-de-Rouergue",NA,"","Arrondissement","Districts","",""
234,79,"FRA","France",16,"Midi-Pyrénées",63,"Gers",234,"Auch",NA,"","Arrondissement","Districts","",""
235,79,"FRA","France",16,"Midi-Pyrénées",63,"Gers",235,"Condom",NA,"","Arrondissement","Districts","",""
236,79,"FRA","France",16,"Midi-Pyrénées",63,"Gers",236,"Mirande",NA,"","Arrondissement","Districts","",""
237,79,"FRA","France",16,"Midi-Pyrénées",64,"Haute-Garonne",237,"Muret",NA,"","Arrondissement","Districts","",""
238,79,"FRA","France",16,"Midi-Pyrénées",64,"Haute-Garonne",238,"Saint-Gaudens",NA,"","Arrondissement","Districts","",""
239,79,"FRA","France",16,"Midi-Pyrénées",64,"Haute-Garonne",239,"Toulouse",NA,"","Arrondissement","Districts","",""
240,79,"FRA","France",16,"Midi-Pyrénées",65,"Hautes-Pyrénées",240,"Argelès-Gazost",NA,"","Arrondissement","Districts","",""
241,79,"FRA","France",16,"Midi-Pyrénées",65,"Hautes-Pyrénées",241,"Bagnères-de-Bigorre",NA,"","Arrondissement","Districts","",""
242,79,"FRA","France",16,"Midi-Pyrénées",65,"Hautes-Pyrénées",242,"Tarbes",NA,"","Arrondissement","Districts","",""
243,79,"FRA","France",16,"Midi-Pyrénées",66,"Lot",243,"Cahors",NA,"","Arrondissement","Districts","",""
244,79,"FRA","France",16,"Midi-Pyrénées",66,"Lot",244,"Figeac",NA,"","Arrondissement","Districts","",""
245,79,"FRA","France",16,"Midi-Pyrénées",66,"Lot",245,"Gourdon",NA,"","Arrondissement","Districts","",""
246,79,"FRA","France",16,"Midi-Pyrénées",67,"Tarn-et-Garonne",246,"Castelsarrasin",NA,"","Arrondissement","Districts","",""
247,79,"FRA","France",16,"Midi-Pyrénées",67,"Tarn-et-Garonne",247,"Montauban",NA,"","Arrondissement","Districts","",""
248,79,"FRA","France",16,"Midi-Pyrénées",68,"Tarn",248,"Albi",NA,"","Arrondissement","Districts","",""
249,79,"FRA","France",16,"Midi-Pyrénées",68,"Tarn",249,"Castres",NA,"","Arrondissement","Districts","",""
250,79,"FRA","France",17,"Nord-Pas-de-Calais",69,"Nord",250,"Avesnes-sur-Helpe",NA,"","Arrondissement","Districts","",""
251,79,"FRA","France",17,"Nord-Pas-de-Calais",69,"Nord",251,"Cambrai",NA,"","Arrondissement","Districts","",""
252,79,"FRA","France",17,"Nord-Pas-de-Calais",69,"Nord",252,"Douai",NA,"","Arrondissement","Districts","",""
253,79,"FRA","France",17,"Nord-Pas-de-Calais",69,"Nord",253,"Dunkerque",NA,"","Arrondissement","Districts","",""
254,79,"FRA","France",17,"Nord-Pas-de-Calais",69,"Nord",254,"Lille",NA,"","Arrondissement","Districts","",""
255,79,"FRA","France",17,"Nord-Pas-de-Calais",69,"Nord",255,"Valenciennes",NA,"","Arrondissement","Districts","",""
256,79,"FRA","France",17,"Nord-Pas-de-Calais",70,"Pas-de-Calais",256,"Arras",NA,"","Arrondissement","Districts","",""
257,79,"FRA","France",17,"Nord-Pas-de-Calais",70,"Pas-de-Calais",257,"Béthune",NA,"","Arrondissement","Districts","",""
258,79,"FRA","France",17,"Nord-Pas-de-Calais",70,"Pas-de-Calais",258,"Boulogne-sur-Mer",NA,"","Arrondissement","Districts","",""
259,79,"FRA","France",17,"Nord-Pas-de-Calais",70,"Pas-de-Calais",259,"Calais",NA,"","Arrondissement","Districts","",""
260,79,"FRA","France",17,"Nord-Pas-de-Calais",70,"Pas-de-Calais",260,"Lens",NA,"","Arrondissement","Districts","",""
261,79,"FRA","France",17,"Nord-Pas-de-Calais",70,"Pas-de-Calais",261,"Montreuil",NA,"","Arrondissement","Districts","",""
262,79,"FRA","France",17,"Nord-Pas-de-Calais",70,"Pas-de-Calais",262,"Saint-Omer",NA,"","Arrondissement","Districts","",""
263,79,"FRA","France",18,"Pays de la Loire",71,"Loire-Atlantique",263,"Ancenis",NA,"","Arrondissement","Districts","",""
264,79,"FRA","France",18,"Pays de la Loire",71,"Loire-Atlantique",264,"Châteaubriant",NA,"","Arrondissement","Districts","",""
265,79,"FRA","France",18,"Pays de la Loire",71,"Loire-Atlantique",265,"Nantes",NA,"","Arrondissement","Districts","",""
266,79,"FRA","France",18,"Pays de la Loire",71,"Loire-Atlantique",266,"Saint-Nazaire",NA,"","Arrondissement","Districts","",""
267,79,"FRA","France",18,"Pays de la Loire",72,"Maine-et-Loire",267,"Angers",NA,"","Arrondissement","Districts","",""
268,79,"FRA","France",18,"Pays de la Loire",72,"Maine-et-Loire",268,"Cholet",NA,"","Arrondissement","Districts","",""
269,79,"FRA","France",18,"Pays de la Loire",72,"Maine-et-Loire",269,"Saumur",NA,"","Arrondissement","Districts","",""
270,79,"FRA","France",18,"Pays de la Loire",72,"Maine-et-Loire",270,"Segré",NA,"","Arrondissement","Districts","",""
271,79,"FRA","France",18,"Pays de la Loire",73,"Mayenne",271,"Château-Gontier",NA,"","Arrondissement","Districts","",""
272,79,"FRA","France",18,"Pays de la Loire",73,"Mayenne",272,"Laval",NA,"","Arrondissement","Districts","",""
273,79,"FRA","France",18,"Pays de la Loire",73,"Mayenne",273,"Mayenne",NA,"","Arrondissement","Districts","",""
274,79,"FRA","France",18,"Pays de la Loire",74,"Sarthe",274,"La Flèche",NA,"","Arrondissement","Districts","",""
275,79,"FRA","France",18,"Pays de la Loire",74,"Sarthe",275,"Le Mans",NA,"","Arrondissement","Districts","",""
276,79,"FRA","France",18,"Pays de la Loire",74,"Sarthe",276,"Mamers",NA,"","Arrondissement","Districts","",""
277,79,"FRA","France",18,"Pays de la Loire",75,"Vendée",277,"Fontenay-le-Comte",NA,"","Arrondissement","Districts","",""
278,79,"FRA","France",18,"Pays de la Loire",75,"Vendée",278,"La Roche-sur-Yon",NA,"","Arrondissement","Districts","",""
279,79,"FRA","France",18,"Pays de la Loire",75,"Vendée",279,"Les Sables-d'Olonne",NA,"","Arrondissement","Districts","",""
280,79,"FRA","France",19,"Picardie",76,"Aisne",280,"Château-Thierry",NA,"","Arrondissement","Districts","",""
281,79,"FRA","France",19,"Picardie",76,"Aisne",281,"Laon",NA,"","Arrondissement","Districts","",""
282,79,"FRA","France",19,"Picardie",76,"Aisne",282,"Saint-Quentin",NA,"","Arrondissement","Districts","",""
283,79,"FRA","France",19,"Picardie",76,"Aisne",283,"Soissons",NA,"","Arrondissement","Districts","",""
284,79,"FRA","France",19,"Picardie",76,"Aisne",284,"Vervins",NA,"","Arrondissement","Districts","",""
285,79,"FRA","France",19,"Picardie",77,"Oise",285,"Beauvais",NA,"","Arrondissement","Districts","",""
286,79,"FRA","France",19,"Picardie",77,"Oise",286,"Clermont",NA,"","Arrondissement","Districts","",""
287,79,"FRA","France",19,"Picardie",77,"Oise",287,"Compiègne",NA,"","Arrondissement","Districts","",""
288,79,"FRA","France",19,"Picardie",77,"Oise",288,"Senlis",NA,"","Arrondissement","Districts","",""
289,79,"FRA","France",19,"Picardie",78,"Somme",289,"Abbeville",NA,"","Arrondissement","Districts","",""
290,79,"FRA","France",19,"Picardie",78,"Somme",290,"Amiens",NA,"","Arrondissement","Districts","",""
291,79,"FRA","France",19,"Picardie",78,"Somme",291,"Montdidier",NA,"","Arrondissement","Districts","",""
292,79,"FRA","France",19,"Picardie",78,"Somme",292,"Péronne",NA,"","Arrondissement","Districts","",""
293,79,"FRA","France",20,"Poitou-Charentes",79,"Charente-Maritime",293,"Jonzac",NA,"","Arrondissement","Districts","",""
294,79,"FRA","France",20,"Poitou-Charentes",79,"Charente-Maritime",294,"La Rochelle",NA,"","Arrondissement","Districts","",""
295,79,"FRA","France",20,"Poitou-Charentes",79,"Charente-Maritime",295,"Rochefort",NA,"","Arrondissement","Districts","",""
296,79,"FRA","France",20,"Poitou-Charentes",79,"Charente-Maritime",296,"Saint-Jean-d'Angély",NA,"","Arrondissement","Districts","",""
297,79,"FRA","France",20,"Poitou-Charentes",79,"Charente-Maritime",297,"Saintes",NA,"","Arrondissement","Districts","",""
298,79,"FRA","France",20,"Poitou-Charentes",80,"Charente",298,"Angoulême",NA,"","Arrondissement","Districts","",""
299,79,"FRA","France",20,"Poitou-Charentes",80,"Charente",299,"Cognac",NA,"","Arrondissement","Districts","",""
300,79,"FRA","France",20,"Poitou-Charentes",80,"Charente",300,"Confolens",NA,"","Arrondissement","Districts","",""
301,79,"FRA","France",20,"Poitou-Charentes",81,"Deux-Sèvres",301,"Bressuire",NA,"","Arrondissement","Districts","",""
302,79,"FRA","France",20,"Poitou-Charentes",81,"Deux-Sèvres",302,"Niort",NA,"","Arrondissement","Districts","",""
303,79,"FRA","France",20,"Poitou-Charentes",81,"Deux-Sèvres",303,"Parthenay",NA,"","Arrondissement","Districts","",""
304,79,"FRA","France",20,"Poitou-Charentes",82,"Vienne",304,"Châtellerault",NA,"","Arrondissement","Districts","",""
305,79,"FRA","France",20,"Poitou-Charentes",82,"Vienne",305,"Montmorillon",NA,"","Arrondissement","Districts","",""
306,79,"FRA","France",20,"Poitou-Charentes",82,"Vienne",306,"Poitiers",NA,"","Arrondissement","Districts","",""
307,79,"FRA","France",21,"Provence-Alpes-Côte d'Azur",83,"Alpes-de-Haute-Provence",307,"Barcelonnette",NA,"","Arrondissement","Districts","",""
308,79,"FRA","France",21,"Provence-Alpes-Côte d'Azur",83,"Alpes-de-Haute-Provence",308,"Castellane",NA,"","Arrondissement","Districts","",""
309,79,"FRA","France",21,"Provence-Alpes-Côte d'Azur",83,"Alpes-de-Haute-Provence",309,"Digne-les-Bains",NA,"","Arrondissement","Districts","",""
310,79,"FRA","France",21,"Provence-Alpes-Côte d'Azur",83,"Alpes-de-Haute-Provence",310,"Forcalquier",NA,"","Arrondissement","Districts","",""
311,79,"FRA","France",21,"Provence-Alpes-Côte d'Azur",84,"Alpes-Maritimes",311,"Grasse",NA,"","Arrondissement","Districts","",""
312,79,"FRA","France",21,"Provence-Alpes-Côte d'Azur",84,"Alpes-Maritimes",312,"Nice",NA,"","Arrondissement","Districts","",""
313,79,"FRA","France",21,"Provence-Alpes-Côte d'Azur",85,"Bouches-du-Rhône",313,"Aix-en-Provence",NA,"","Arrondissement","Districts","",""
314,79,"FRA","France",21,"Provence-Alpes-Côte d'Azur",85,"Bouches-du-Rhône",314,"Arles",NA,"","Arrondissement","Districts","",""
315,79,"FRA","France",21,"Provence-Alpes-Côte d'Azur",85,"Bouches-du-Rhône",315,"Istres",NA,"","Arrondissement","Districts","",""
316,79,"FRA","France",21,"Provence-Alpes-Côte d'Azur",85,"Bouches-du-Rhône",316,"Marseille",NA,"","Arrondissement","Districts","",""
317,79,"FRA","France",21,"Provence-Alpes-Côte d'Azur",86,"Hautes-Alpes",317,"Briançon",NA,"","Arrondissement","Districts","",""
318,79,"FRA","France",21,"Provence-Alpes-Côte d'Azur",86,"Hautes-Alpes",318,"Gap",NA,"","Arrondissement","Districts","",""
319,79,"FRA","France",21,"Provence-Alpes-Côte d'Azur",87,"Var",319,"Brignoles",NA,"","Arrondissement","Districts","",""
320,79,"FRA","France",21,"Provence-Alpes-Côte d'Azur",87,"Var",320,"Draguignan",NA,"","Arrondissement","Districts","",""
321,79,"FRA","France",21,"Provence-Alpes-Côte d'Azur",87,"Var",321,"Toulon",NA,"","Arrondissement","Districts","",""
322,79,"FRA","France",21,"Provence-Alpes-Côte d'Azur",88,"Vaucluse",322,"Apt",NA,"","Arrondissement","Districts","",""
323,79,"FRA","France",21,"Provence-Alpes-Côte d'Azur",88,"Vaucluse",323,"Avignon",NA,"","Arrondissement","Districts","",""
324,79,"FRA","France",21,"Provence-Alpes-Côte d'Azur",88,"Vaucluse",324,"Carpentras",NA,"","Arrondissement","Districts","",""
325,79,"FRA","France",22,"Rhône-Alpes",89,"Ain",325,"Belley",NA,"","Arrondissement","Districts","",""
326,79,"FRA","France",22,"Rhône-Alpes",89,"Ain",326,"Bourg-en-Bresse",NA,"","Arrondissement","Districts","",""
327,79,"FRA","France",22,"Rhône-Alpes",89,"Ain",327,"Gex",NA,"","Arrondissement","Districts","",""
328,79,"FRA","France",22,"Rhône-Alpes",89,"Ain",328,"Nantua",NA,"","Arrondissement","Districts","",""
329,79,"FRA","France",22,"Rhône-Alpes",90,"Ardèche",329,"Largentière",NA,"","Arrondissement","Districts","",""
330,79,"FRA","France",22,"Rhône-Alpes",90,"Ardèche",330,"Privas",NA,"","Arrondissement","Districts","",""
331,79,"FRA","France",22,"Rhône-Alpes",90,"Ardèche",331,"Tournon-sur-Rhône",NA,"","Arrondissement","Districts","",""
332,79,"FRA","France",22,"Rhône-Alpes",91,"Drôme",332,"Die",NA,"","Arrondissement","Districts","",""
333,79,"FRA","France",22,"Rhône-Alpes",91,"Drôme",333,"Nyons",NA,"","Arrondissement","Districts","",""
334,79,"FRA","France",22,"Rhône-Alpes",91,"Drôme",334,"Valence",NA,"","Arrondissement","Districts","",""
335,79,"FRA","France",22,"Rhône-Alpes",92,"Haute-Savoie",335,"Annecy",NA,"","Arrondissement","Districts","",""
336,79,"FRA","France",22,"Rhône-Alpes",92,"Haute-Savoie",336,"Bonneville",NA,"","Arrondissement","Districts","",""
337,79,"FRA","France",22,"Rhône-Alpes",92,"Haute-Savoie",337,"Lac Léman",NA,"","Water body","Water body","",""
338,79,"FRA","France",22,"Rhône-Alpes",92,"Haute-Savoie",338,"Saint-Julien-en-Genevois",NA,"","Arrondissement","Districts","",""
339,79,"FRA","France",22,"Rhône-Alpes",92,"Haute-Savoie",339,"Thonon-les-Bains",NA,"","Arrondissement","Districts","",""
340,79,"FRA","France",22,"Rhône-Alpes",93,"Isère",340,"Grenoble",NA,"","Arrondissement","Districts","",""
341,79,"FRA","France",22,"Rhône-Alpes",93,"Isère",341,"La Tour-du-Pin",NA,"","Arrondissement","Districts","",""
342,79,"FRA","France",22,"Rhône-Alpes",93,"Isère",342,"Vienne",NA,"","Arrondissement","Districts","",""
343,79,"FRA","France",22,"Rhône-Alpes",94,"Loire",343,"Montbrison",NA,"","Arrondissement","Districts","",""
344,79,"FRA","France",22,"Rhône-Alpes",94,"Loire",344,"Roanne",NA,"","Arrondissement","Districts","",""
345,79,"FRA","France",22,"Rhône-Alpes",94,"Loire",345,"Saint-Étienne",NA,"","Arrondissement","Districts","",""
346,79,"FRA","France",22,"Rhône-Alpes",95,"Rhône",346,"Lyon",NA,"","Arrondissement","Districts","",""
347,79,"FRA","France",22,"Rhône-Alpes",95,"Rhône",347,"Villefranche-sur-Saône",NA,"","Arrondissement","Districts","",""
348,79,"FRA","France",22,"Rhône-Alpes",96,"Savoie",348,"Albertville",NA,"","Arrondissement","Districts","",""
349,79,"FRA","France",22,"Rhône-Alpes",96,"Savoie",349,"Chambéry",NA,"","Arrondissement","Districts","",""
350,79,"FRA","France",22,"Rhône-Alpes",96,"Savoie",350,"Saint-Jean-de-Maurienne",NA,"","Arrondissement","Districts","",""
